identifier;title;cover_date;cited_count;subtype_description;open_access_flag;authors;origin
105027374730;Dispositional regulatory focus in citizen science: Implications for engagement in environmental and public health monitoring;2026-06-01;0;Article;True;Berj Dekramanjian;scopus
105021120466;City-sense (In): A knowledge governance framework for place-based, informed transition toward healthy urban air;2026-03-01;0;Article;True;Farah Makki, Eugenio Morello;scopus
105028011051;Indoor wildfire smoke perceptions “nudge” mitigation behaviors;2026-03-01;0;Article;True;Rachel Hurley, Oren Mangoubi, Shichao Liu;scopus
105024189600;Insights from sensor-based hyperlocal air pollution measurements over Bhubaneswar, India;2026-03-01;0;Article;False;Monalin Mishra, A. Asutosh, Boopathy Ramasamy, Rajasekhar Reddy, Vamsi G, Trupti Das;scopus
105026398918;Exposure measurement error in air-pollution epidemiology and its determinants: results from the MELONS study;2026-02-01;0;Article;True;Dimitris Evangelopoulos, Dylan Wood, Ben Barratt, Hanbin Zhang, Audrey De Nazelle, Sean Beevers, Barbara K. Butland, Evangelia Samoli, Joel Schwartz, Kees De Hoogh, Konstantina Dimakopoulou, Heather Walton, Klea Katsouyanni;scopus
105024757976;Chemistry and sources of atmospheric aerosols deposited in the Central Pyrenees in the period 2016–2023, with a focus on African dust events occurred during cold season;2026-02-01;0;Article;True;Javier Bandrés, Juan Ignacio López-Moreno, Pedro Salvador, Jorge Pey;scopus
105020567500;Secure and Efficient Multi-dimensional Task Matching in Spatial Crowdsourcing;2026-01-01;0;Conference Paper;False;Yu Yan, Jun Ye;scopus
105023952024;Reimagining urban air-quality governance: A systems-thinking framework;2026-01-01;0;Review;True;Harshit Gujral, Om Damani, Anshul Agarwal, Christoph Becker, Meredith Franklin, Teresa Kramarz, Ronak Sutaria, Sagnik Dey, Steve Easterbrook;scopus
105024873773;Using low-cost sensors for source attribution and health assessment: An air quality study in Brownsville, Texas;2026-01-01;0;Article;True;Sai Deepak Pinakana, Kabir Bahadur Shah, Daniel Jaffe, Juan L. Gonzalez, Owen Temby, Gabriel Ibarra-Mejia, Amit U. Raysoni;scopus
105017827962;How Do People Perceive Air Quality in Different Geographic Contexts? A Case Study of Hong Kong, China;2026-01-01;0;Article;False;Wanying Song, Mei Po Kwan;scopus
105023584365;Closing demographic gaps in air quality monitoring: Community-deployed PurpleAir sensors and PM2.5 data in Chicago;2025-12-01;0;Article;False;Mena C.R. Whalen, Alyssa Peer, Leigha DeRango, Nastaran Ghorbani, Lily Kraus, Jessica Post, Ping Jing;scopus
105018008852;Evolving trends in application of low-cost air quality sensor networks: challenges and future directions;2025-12-01;3;Review;True;Evangelos Bagkis, Amirhossein Hassani, Philipp Schneider, Priyanka DeSouza, Shobitha Shetty, Theodosios Kassandros, Vasileios Salamalikis, Núria Castell, Kostas Karatzas, Ajit Ahlawat, Jibran Khan;scopus
105014109517;Reassessing air pollution exposure: How daily mobility and activities shape individual risk in greater Paris;2025-12-01;1;Article;True;Taos Benoussaïd, Isabelle Coll, Hélène Charreire, Inès Makni, Malo Costes, Arthur Elessa Etuman;scopus
105006804685;Urban resilience through adaptive multifutures and nature-based solutions;2025-12-01;5;Note;True;Sachit Mahajan;scopus
105025894219;Statistical and Machine Learning Models for Air Quality: A Systematic Review of Methods and Challenges;2025-12-01;0;Review;True;Luzneyda Ballesteros Peinado, Teresa Guarda, Germán Herrera-Vidal, Claudia Minnaard, Jairo R. Coronado-Hernández;scopus
105022851689;Air quality management from the lens of leveraging social media data and machine learning algorithm for hazard zoning-real-time air pollution detection in urban cities under changing climate;2025-12-01;0;Article;False;Shan e.hyder Soomro, Huaibin Wei, Muhammad Waseem Boota, Nishan E.Hyder Soomro, Gul e.Zehra Soomro, Muhammad Faisal, Caihong Hu, Junaid Abdul Wahid, Jiali Guo;scopus
105025763783;Digital Tech Integration in Industrial Engineer Training via Affordable Academic Tools;2025-12-01;0;Article;True;Lidia M. Belmonte, Eva Segura, José L. Gómez-Sirvent, Francisco López de la Rosa, Javier de las Morenas, Antonio Fernández-Caballero, Rafael Morales;scopus
105023284485;Toward an Intelligent and Near-real-time Framework for Global Ecological Monitoring: Advances, Challenges, and the GIEHP Initiative;2025-12-01;0;Article;False;Dong Xu, Tingting Bai, Wei Qiang Chen, Yongze Song, Yuyu Zhou, Jing Geng, Liu Zhao;scopus
105025081121;Harnessing Data for Sustainability: Applications and Challenges in Environmental Analytics;2025-11-19;0;Book Chapter;False;Ashutosh Kumar Choudhary, Deepak Srivastava;scopus
105023654591;Data Walking: Designing Tools to Build Critical Data Literacy;2025-11-17;0;Conference Paper;True;David Hunter, Juliane Jarke, Katja Mayer, Katrin Amelang, Daniel Leithinger, Ellen Yi Luen Do;scopus
105022934017;Citizen Science and STEM Education with R: AI–IoT Forecasting and Reproducible Learning from Open Urban Air Quality Data;2025-11-01;1;Article;True;Jesús Cáceres-Tello, José Javier Galán-Hernández, María Belén Morales Cevallo, Eloy López-Meneses;scopus
105023123294;Air Sensor Network Analysis Tool: R-Shiny Application;2025-11-01;0;Article;True;Karoline K. Barkjohn, Todd Plessel, Jiacheng Yang, Gavendra Pandey, Yadong Xu, Stephen Krabbe, Catherine Seppanen, Renée Bichler, Huy Nguyen Quang Tran, Saravanan Arunachalam, Andrea L. Clements;scopus
105009051661;Using the pollution load index to evaluate rooftop harvested rainwater metal(loid) contamination in environmental justice communities;2025-11-01;1;Article;False;God'sgift N. Chukwuonye, Kunal Palawat, Robert A. Root, Luz Imelda Cortez, Theresa Foley, Victoria Carella, Charles Beck, Mónica D. Ramírez-Andreotta;scopus
105019683736;From Signal to Significance: Why Sensors Need Culture;2025-10-24;1;Review;False;Andrey V. Kalinichev;scopus
105020568148;Multi-dimensional Engagement for Richer Hyperlocal Citizen Science Data;2025-10-01;0;Conference Paper;True;Abhishek Viswanathan, Vasco Xu, Amy Babay, Rosta Farzan, Aaron Birdy;scopus
105016579618;Enhancing ATMO-Street model accuracy through emission source analysis using a dense sensor network: a Warsaw case study;2025-10-01;1;Article;True;Anahita Sattari, Hans Hooyberghs, Stijn Janssen, Aleksander Norowski, Lisa Blyth, Iwo Augustynski;scopus
105018917739;A Comprehensive Review of Data-Driven Techniques for Air Pollution Concentration Forecasting;2025-10-01;0;Review;True;Jaroslaw Bernacki, Rafał Scherer;scopus
105017121596;Sensortoolkit—A Python Library for Standardizing the Ingestion, Analysis, and Reporting of Air Sensor Data for Performance Evaluation;2025-09-01;1;Article;True;Menaka Kumar, Samuel G. Frederick, Karoline K. Barkjohn, Andrea L. Clements;scopus
105007769533;Advancements in air quality monitoring: a systematic review of IoT-based air quality monitoring and AI technologies;2025-09-01;10;Article;True;Antony Garcia, Yessica Saez, Itamar Harris, Xinming Huang, Edwin Collado;scopus
105008559096;Integrating perspectives: Multi-sectoral insights into U.S. Gulf Coast flood governance;2025-09-01;1;Article;False;Koorosh Azizi, Yuer Wang, Olivia Enriquez, Paola Passalacqua, Dev Niyogi, R. Patrick Bixler;scopus
105013799192;Air quality in Africa from the telecoupled perspective: exploring interdisciplinary and transboundary scientific collaboration between Africa and the Global North;2025-08-11;0;Review;True;Marleen Dekker, Agnieszka H. Kazimierczuk, Rebecca M. Garland, Deborah Stein-Zweers, Pieternel F. Levelt;scopus
105001507783;WeAIR: Wearable Swarm Sensors for Air Quality Monitoring to Foster Citizens’ Awareness of Climate Change;2025-08-01;0;Article;True;Giovanna Maria Dimitri, Lorenzo Parri, Eleonora Vitanza, Alessandro Pozzebon, Ada Fort, Chiara Mocenni;scopus
105002303070;Assessing the impact of traffic restriction interventions on school air quality: a citizen science-based modelling study;2025-07-15;1;Article;True;Luca Boniardi, Federica Nobile, Massimo Stafoggia, Paola Michelozzi, Carla Ancona;scopus
105012163410;From Data to Discussion: Interfaces for Collective Inquiry and Open-Ended Data Creation;2025-07-05;0;Conference Paper;True;David Hunter;scopus
105020664915;Designing Tools for Data Advocacy;2025-07-04;0;Conference Paper;True;Ashley Boone, Aparna Arul, James Kemerait, Ian Wood, Jaeri Suh, Carl Disalvo, Christopher A. Le Dantec;scopus
105002680589;Ten questions concerning the future of residential indoor air quality and its environmental justice implications;2025-06-15;7;Article;True;D. Booker, G. Petrou, L. Chatzidiakou, D. Das, F. Farooq, L. Ferguson, OE E.I. Jutila, K. Milczewska, M. Modlich, A. Moreno-Rangel, S. K. Thakrar, A. M. Yeoman, M. Davies, M. I. Mead, M. R. Miller, O. Wild, Z. Shi, A. Mavrogianni, R. M. Doherty;scopus
105009015886;A Wearable Sensor Node for Measuring Air Quality Through Citizen Science Approach: Insights from the SOCIO-BEE Project;2025-06-01;1;Article;True;Nicole Morresi, Maite Puerta-Beldarrain, Diego López-de-Ipiña, Alex Barco, Oihane Gómez-Carmona, Carlos López-Gomollon, Diego Casado-Mansilla, Maria Kotzagianni, Sara Casaccia, Sergi Udina, Gian Marco Revel;scopus
105008907848;Immersive, Secure, and Collaborative Air Quality Monitoring;2025-06-01;0;Review;True;José Marinho, Nuno Cid Martins;scopus
105007687912;Irish Perspectives on School Ambient Air Quality: A Design-Led Exploration;2025-06-01;0;Article;True;Áine de Róiste, Aoife Stack, Ganga Chinna Rao Devarapu, Liam O’Faolain, Mary Galvin;scopus
105006729860;Effects of Smoke on Surface Observations, Turbulence, and Proposed Subcritical Aerosol-Moisture Feedback (SAMF) During the 8 April 2024 Solar Eclipse in Columbus, GA, USA;2025-05-01;0;Article;True;Stephen M. Jessup, Britney Blaire Enfinger;scopus
105006739683;Development and Evaluation of the Online Hybrid Model CAMx-LPiG;2025-05-01;0;Article;True;Andrea Piccoli, Valentina Agresti, Giovanni Lonati, Guido Pirovano;scopus
85218037298;Unveiling the Dynamics of Human Mobility in Response to Wildfire-Induced Air Quality Degradation: An Examination of the 2019 Kincade Fire;2025-05-01;0;Article;False;Xianglu Shen, Huixin Zhang, Yanzhi Wang, Qi R. Wang;scopus
105003896518;Identifying air quality monitoring deserts in the United States;2025-04-29;3;Article;True;Nelson A. Roque, Hailey Andrews, Alexis R. Santos-Lozada;scopus
105003698856;Measurement report: A complex street-level air quality observation campaign in a heavy-traffic area utilizing the multivariate adaptive regression splines method for field calibration of low-cost sensors;2025-04-24;0;Article;True;Petra Bauerová, Josef Keder, Adriana Šindelářová, Ondřej Vlček, William Patiño, Pavel Krč, Jan Geletič, Hynek Řezníček, Martin Bureš, Kryštof Eben, Michal Belda, Jelena Radović, Vladimír Fuka, Radek Jareš, Igor Esau, Jaroslav Resler;scopus
105004039711;CyanoHABs and CAPs: assessing community-based monitoring of PM2.5 with regional sources of pollution in rural, northeastern North Carolina;2025-04-15;0;Article;True;Haley E. Plaas, Colleen Karl, Rachael Cogbill, Nicole Rosales-Garcia, Ashley H. Stoop, Lisa L. Satterwhite, Martine E. Mathieu-Campbell, Jennifer Richmond-Bryant, Hans W. Paerl, Douglas S. Hamilton;scopus
105001275004;Detecting air pollution episodes and exploring their impacts using low-cost sensor data and simultaneous community symptom and odor reports;2025-04-01;2;Article;True;Caroline Frischmon, Jennifer Crosslin, Leah Burks, Barbara Weckesser, Michael Hannigan, Katharine Duderstadt;scopus
105003373888;Leveraging low-cost sensors to predict nitrogen dioxide for epidemiologic exposure assessment;2025-04-01;4;Article;False;Christopher Zuidema, Jianzhao Bi, Dustin Burnham, Nancy Carmona, Amanda J. Gassett, David L. Slager, Cooper Schumacher, Elena Austin, Edmund Seto, Adam A. Szpiro, Lianne Sheppard;scopus
85216814154;Augmenting Circadian Biology Research With Data Science;2025-04-01;0;Review;True;Severine Soltani, Jamison H. Burks, Benjamin L. Smarr;scopus
85219671627;Particulate matter concentrations in UK schools: A nationwide study into the influence of ambient PM2.5 and the resulting exposure potentials;2025-03-20;1;Article;False;Alice E.E. Handy, Samuel G.A. Wood, Katherine Roberts, Christopher S. Malley, Henry C. Burridge;scopus
105005918833;Connected services: IoT data to fuel your local digital twin;2025-03-08;0;Book Chapter;True;Lieven Raes, Burcu Celikkol, Oliver Schreer, Jaap De Winter, Jéssica Baltazar, Susie Ruston McAleer, Daniel Bertocci;scopus
85213540557;Machine learning in healthcare citizen science: A scoping review;2025-03-01;1;Review;False;Ranga Baminiwatte, Blessing Torsu, Dmitry Scherbakov, Abolfazl Mollalo, Jihad S. Obeid, Alexander V. Alekseyenko, Leslie A. Lenert;scopus
85218877006;Empowering communities: Advancements in air quality monitoring and citizen engagement;2025-03-01;8;Article;True;Hélder Relvas, Diogo Lopes, Jan Mateu Armengol;scopus
105001094350;Implementation of an Internet of Things Architecture to Monitor Indoor Air Quality: A Case Study During Sleep Periods;2025-03-01;3;Article;True;Afonso Mota, Carlos Serôdio, Ana Briga-Sá, Antonio Valente;scopus
85218911746;Developing a real-time water quality simulation toolbox using machine learning and application programming interface;2025-03-01;2;Article;False;Gi Hun Bang, Na Hyeon Gwon, Min Jeong Cho, Ji Ye Park, Sang Soo Baek;scopus
85214338122;Gamification for air quality education: A systematic literature review;2025-02-15;7;Review;True;Abdollah Baghaei Daemei, Ruggiero Lovreglio, Zhenan Feng, Daniel Paes, Clayton Miller;scopus
85219206069;A Systematic Study of Popular Software Packages and AI/ML Models for Calibrating In Situ Air Quality Data: An Example with Purple Air Sensors;2025-02-01;3;Article;True;Seren Smith, Theodore Trefonides, Anusha Srirenganathan Malarvizhi, Shyra LaGarde, Jiakang Liu, Xiaoguo Jia, Zifu Wang, Jacob Cain, Thomas Huang, Mohammad Pourhomayoun, Grace Llewellyn, Wai Phyo, Sina Hasheminassab, Joe Roberts, Kevin Marlis, Daniel Q. Duffy, Chaowei Yang;scopus
85201981944;Behavioral Responses to Wildfire Smoke: A Case Study in Western Montana;2025-02-01;4;Article;False;Taylor Stewart, Alison Monroe, Katrina Mullan, Dave Jones, Abby McIver, Ethan S. Walker;scopus
85214239096;The Effect of Wildfires on Asthma and Allergies;2025-02-01;6;Article;False;John R. Balmes, Anne Hicks, Mary M. Johnson, Kari C. Nadeau;scopus
85211718095;Understanding the origins of urban particulate matter pollution based on high-density vehicle-based sensor monitoring and big data analysis;2025-02-01;5;Article;False;Yiheng Liang, Xiaohua Wang, Zhongzhen Dong, Xinfeng Wang, Shidong Wang, Shuchun Si, Jing Wang, Hai Ying Liu, Qingzhu Zhang, Qiao Wang;scopus
85217277579;Radioactive contamination transported to Western Europe with Saharan dust;2025-01-31;3;Article;True;Yangjunjie Xu-Yang, Charlotte Skonieczny, Sophie Ayrault, Jean Sébastien Barbier, Rémi Bizeul, Octave Bryskere, Pierre Alexis Chaboche, Thomas Chalaux-Clergue, José A. Corcho-Alvarado, Anthony Foucher, Alice Karsenti, Maxime Leblanc, Germán Orizaola, Amélie Plautre, Stefan Röllin, Nirina Taraconat, Nicolas Tenaud, Ana Elisa Valdés, François Dulac, Olivier Evrard;scopus
85189912679;What improves students’ participation in a school-based citizen science project? Through the lens of practitioners;2025-01-01;7;Article;False;Yenchun Jim Wu, Wan Ju Hsu;scopus
105021542668;Implementing citizen science activities for climate action: the I-CHANGE Day;2025-01-01;0;Article;True;Laura Esbrí, Montserrat Llasat-Botija, Maria Carmen Llasat, Yolanda Sola, Nicola Loglisci, Erika Brattich, Sandra Racionero, Gert Jan Steeneveld, Anna Mölter, Antonella Galizia, Lara Polo, Esther E.M. Peerlings, Carlo Cintolesi, Francesco Barbano, Muhammad Adnan, Lien Aerts, Pinhas Alpert, Gabriel Campos, Bio Mohamadou Torou, Silvana Di Sabatino, Antonio Parodi;scopus
105001958511;Air quality monitoring platform with multiple data source support;2025-01-01;1;Article;False;Dessislava Petrova-Antonova, Jelyazko Jelyazkov, Irena Pavlova;scopus
105016462142;Boosting behavioral change and citizens engagement in cities through technology: The DivAirCity project approach;2025-01-01;0;Conference Paper;False;Achilleas I. Sfetkos, Ioanna D. Pasiopoulou, Grigoris K. Papagiannis;scopus
105003424083;A nationwide evaluation of crowd-sourced ambient temperature data;2025-01-01;2;Article;True;Priyanka deSouza, Peter C. Ibsen, Daniel M. Westervelt, Ralph Kahn, Benjamin F. Zaitchik, Patrick L. Kinney;scopus
105007806566;Enhancing Public Awareness of Air Quality: Evaluating Communication Strategies and Design Prototypes Using a Design-Based Implementation Research Approach;2025-01-01;0;Conference Paper;False;Victoria Batz, Vanessa B. Liedtke, Petre Lameski, Vladimir Trajkovik, Steffi Hußlein, Christian Hansen, Michael A. Herzog;scopus
105026831911;Portable and wearable air pollution sensors for personal exposure monitoring;2025-01-01;0;Book Chapter;False;Nidhi Shukla, Manisha Mishra, Parinita Baruah, Naveen Puttaswamy, Ankur Jamwal;scopus
105012291762;Impact of Adverse Events on Urban Air Quality: the Example of the Rome Fire;2025-01-01;0;Article;False;Nicoletta Lotrecchiano, Daniele Sofia;scopus
105025033722;Community based air pollution measurements in Europe: Opportunities and challenges;2025-01-01;0;Article;True;Anna Kaisa Viitanen, Alonso Espinosa Mireles de Villafranca, Jonathon Taylor;scopus
105003973618;Empowering Communities In Transformative Transport Decision-making: A Participatory Spatial Approach to Select Vulnerable Facilities for Citizen Sensing;2025-01-01;1;Article;True;Nadia Giuffrida, Michela Le Pira;scopus
105019219460;“We have the right to breathe clean air” – Mobilising communities in the fight for good air quality;2025-01-01;1;Article;True;Katarzyna Gorczyca, Daria Zozulia;scopus
105024471662;Developing a serious game for indoor air quality and mold prevention education in residential buildings;2025-01-01;0;Article;True;Abdollah Baghaei Daemei, Zhenan Feng, Daniel Paes;scopus
105019165467;Fundamentals of Air Pollution;2025-01-01;3;Book;False;Daniel A. Vallero;scopus
85207774542;Data fusion for enhancing urban air quality modeling using large-scale citizen science data;2024-12-01;8;Article;True;Anna C. O'Regan, Henrik Grythe, Stig Hellebust, Susana Lopez-Aparicio, Colin O'Dowd, Paul D. Hamer, Gabriela Sousa Santos, Marguerite M. Nyhan;scopus
85207286282;Democratizing air: A co-created citizen science approach to indoor air quality monitoring;2024-12-01;5;Article;True;Sachit Mahajan, Rosy Mondardini, Dirk Helbing;scopus
85209657547;Supporting knowledge justice through community science air quality monitoring and a reciprocal reporting process;2024-12-01;2;Article;True;Valentina Serrano-Salomón, Marisa Westbrook, Noemy Pérez, Jay Pecenka, Aniya Khalili, Sumit Sankhyan, Shelly Miller, Shivakant Mishra, Esther Sullivan;scopus
85211116070;Field calibration of fine particulate matter low-cost sensors in a highly industrialized semi-arid conurbation;2024-12-01;3;Article;True;Mariana Villarreal-Marines, Michael Pérez-Rodríguez, Yasmany Mancilla, Gabriela Ortiz, Alberto Mendoza;scopus
85211101445;Air quality and transport behaviour: sensors, field, and survey data from Warsaw, Poland;2024-12-01;1;Data Paper;True;Amirhossein Hassani, Anna Nicińska, Arkadiusz Drabicki, Ewa Zawojska, Gabriela Sousa Santos, Grzegorz Kula, Henrik Grythe, Jakub Zawieska, Joanna Jaczewska, Joanna Rachubik, Katarzyna Archanowicz-Kudelska, Katarzyna Zagórska, Maciej Grzenda, Magdalena Kubecka, Marcin Luckner, Michał Jakubczyk, Michał Wolański, Nuria Castell, Paweł Gora, Pål Wilter Skedsmo, Satia Rożynek, Szymon Horosiewicz;scopus
85185267678;What is the role of activism in air pollution politics? Understanding policy change in Poland;2024-12-01;9;Article;True;Tomas Maltby, Sarah Birch, Adam Fagan, Mate Subašić;scopus
85207906875;Differences in Changes of Mobility Patterns Across the Globe—Evidence From a Natural Experiment;2024-12-01;2;Article;True;Joanna A. Kamińska, Jan K. Kazak;scopus
85184391500;Clearing the air: evaluating institutions’ social media health messaging on wildfire and smoke risks in the US Pacific Northwest;2024-12-01;5;Article;True;Catherine E. Slavik, Daniel A. Chapman, Alex Segrè Cohen, Nahla Bendefaa, Ellen Peters;scopus
85209191716;Spatio-temporal analysis of bicyclists’ PM2.5 exposure levels in a medium sized urban agglomeration;2024-12-01;1;Article;False;María Florencia Tames, Salvador Enrique Puliafito, Josefina Urquiza, Ariel Fabricio Scagliotti, Ana Isabel López-Noreña;scopus
85202581640;A comprehensive review on advancements in sensors for air pollution applications;2024-11-15;80;Review;False;Thara Seesaard, Kamonrat Kamjornkittikoon, Chatchawal Wongchoosuk;scopus
85209133987;Navigating the cohesion-diversity trade-off: understanding the role of facilitators in co-creation using agent-based modelling;2024-11-13;2;Article;True;Sachit Mahajan;scopus
85206475423;Pinpointing sources of pollution using citizen science and hyperlocal low-cost mobile source apportionment;2024-11-01;7;Article;True;Dimitrios Bousiotis, Seny Damayanti, Arunik Baruah, Alessandro Bigi, David C.S. Beddows, Roy M. Harrison, Francis D. Pope;scopus
85189953434;Monitoring Groundwater Health Using Citizen Scientists in Semi-Arid Regional Australia;2024-11-01;3;Article;True;Kathryn L. Korbel, Grant C. Hose;scopus
85211168546;Hydrodynamics and Aquatic Vegetation Drive Spatial Patterns of Environmental DNA in Ponds;2024-11-01;6;Article;True;Sandra R. Mayne, Jeffrey A. Manning, Stephen M. Henderson, Meghan B. Parsley, Katherine M. Strickler, Jeffrey R. Nielson, Caren S. Goldberg;scopus
85199025902;A 13-year space-based climatological evolution of desert dust aerosols in the Middle East and North Africa regions observed by the CALIPSO;2024-10-20;9;Article;False;Samuel Abraham Berhane, Kanike Raghavendra Kumar, Lingbing Bu;scopus
85206461343;An Image-Based Sensor System for Low-Cost Airborne Particle Detection in Citizen Science Air Quality Monitoring;2024-10-01;5;Article;True;Syed Mohsin Ali Shah, Diego Casado-Mansilla, Diego López-de-Ipiña;scopus
85196723829;Effects of perceived environmental quality and psychological status on outdoor thermal comfort: a panel study in Southern China;2024-10-01;24;Article;False;Cho Kwong Charlie Lam, Haonan Pan, Weixiao Nie, Xiaohui Li, Jie Wu, Zhe Yin, Jiejie Han;scopus
85196863937;Validation of cheap axial passive sampler and procedure suitable for atmospheric NO2 community-based monitoring;2024-09-01;0;Article;True;Alma Moretta, Daniele Sofia, Maria Ricciardi, Vincenzo Venditto, Antonio Proto;scopus
105020753747;Odor, air quality, and well-being: understanding the urban smellscape using crowd-sourced science;2024-09-01;5;Article;True;Sahil Bhandari, Davi de Ferreyro Monticelli, Karen Xie, Andre Ramkairsingh, Rochelle Maher, Angela Eykelbosh, Sarah B. Henderson, Naomi Zimmerman, Amanda Giang;scopus
85194760749;Atmospheric concentrations and potential sources of dioxin-like contaminants to Acadia National Park;2024-09-01;3;Article;False;James J. Pagano, Andrew J. Garner, Philip K. Hopke, Justin K. Pagano, William G. Gawley, Thomas M. Holsen;scopus
85203866198;Feasibility Study on the Use of NO2 and PM2.5 Sensors for Exposure Assessment and Indoor Source Apportionment at Fixed Locations;2024-09-01;3;Article;True;Miriam Chacón-Mateos, Erika Remy, Uta Liebers, Frank Heimann, Christian Witt, Ulrich Vogt;scopus
85202605583;Examining Relationships between Perceptions of Air Quality—Objectively Assessed Particulate Matter—And Health-Related Attributions among Midlife and Older Adults from the San Francisco Bay Area, California, USA;2024-08-01;4;Article;True;Astrid N. Zamora, Maria I. Campero, Dulce M. Garcia, Abby C. King;scopus
85199590093;Exploring the Spatial Variability of Air Pollution Using Mobile BC Measurements in a Citizen Science Project: A Case Study in Mechelen;2024-07-01;2;Article;True;Martine Van Poppel, Jan Peters, Stijn Vranckx, Jo Van Laer, Jelle Hofman, Bram Vandeninden, Charlotte Vanpoucke, Wouter Lefebvre;scopus
85194815051;Rational gaze: Presenting the open-source HYPEtools R package for analysis, visualization, and interpretation of hydrological models and datasets;2024-07-01;3;Article;True;Conrad Brendel, René Capell, Alena Bartosova;scopus
85193068324;Adapting machine learning for environmental spatial data - A review;2024-07-01;28;Review;True;Marta Jemeļjanova, Alexander Kmoch, Evelyn Uuemaa;scopus
85201468828;The societal impact of Open Science: A scoping review;2024-06-27;18;Review;True;Nicki Lisa Cole, Eva Kormann, Thomas Klebel, Simon Apartis, Tony Ross-Hellauer;scopus
85197427049;Long-term evaluation of commercial air quality sensors: an overview from the QUANT (Quantification of Utility of Atmospheric Network Technologies) study;2024-06-26;14;Article;True;Sebastian Diez, Stuart Lacy, Hugh Coe, Josefina Urquiza, Max Priestman, Michael Flynn, Nicholas Marsden, Nicholas A. Martin, Stefan Gillott, Thomas Bannan, Pete M. Edwards;scopus
85192253990;Long-term variation in exposure to NO2 concentrations in the city of Naples, Italy: Results of a citizen science project;2024-06-25;3;Article;True;Elena Chianese, Angelo Riccio;scopus
85182377800;Improving air pollution awareness of the general public through citizen science approach;2024-06-01;30;Article;True;K. V. Abhijith, Prashant Kumar, Hamid Omidvarborna, Ana Paula Mendes Emygdio, Ben McCallan, David Carpenter-Lomax;scopus
85194769987;Blockchain and IoT integration for secure short-term and long-term air quality monitoring system using optimized neural network;2024-06-01;5;Article;False;Balasubramanian Chinnappan, Kareemullah Hakim, Neelam Sanjeev Kumar, Vijayalakshmi Elumalai;scopus
85189751439;Dynamic and stationary monitoring of air pollutant exposures and dose during marathons;2024-06-01;6;Article;True;Carla Ribalta, Fréderic Garrandes, Stéphane Bermon, Paolo Emilio Adami, Edurne Ibarrola-Ulzurrun, Ioar Rivas, Mar Viana;scopus
85193289690;Advancing air quality monitoring: A low-cost sensor network in motion – Part I;2024-06-01;3;Article;True;Carolina Correia, Pedro Santana, Vânia Martins, Pedro Mariano, Alexandre Almeida, Susana Marta Almeida;scopus
85188534388;Using dispersion models at microscale to assess long-term air pollution in urban hot spots: A FAIRMODE joint intercomparison exercise for a case study in Antwerp;2024-05-15;25;Article;True;F. Martín, S. Janssen, V. Rodrigues, J. Sousa, J. L. Santiago, E. Rivas, J. Stocker, R. Jackson, F. Russo, M. G. Villani, G. Tinarelli, D. Barbero, R. San José, J. L. Pérez-Camanyo, G. Sousa Santos, J. Bartzis, I. Sakellaris, Z. Horváth, L. Környei, B. Liszkai, None Kovács, X. Jurado, N. Reiminger, P. Thunis, C. Cuvelier;scopus
85194859559;Evaluating ActuAir: Building Occupants' Experiences of a Shape-Changing Air Quality Display;2024-05-11;3;Conference Paper;True;Eleni Margariti, Vasilis Vlachokyriakos, Abigail C. Durrant, David Kirk;scopus
85192671802;Why we should have a universal air quality index?;2024-05-01;12;Article;True;Khaiwal Ravindra, Vikas Singh, Suman Mor;scopus
85193979071;Street-scale air quality modelling over the West Midlands, United Kingdom: Effect of idealised traffic reduction scenarios;2024-05-01;6;Article;True;Jian Zhong, Jenny Stocker, Xiaoming Cai, Roy M. Harrison, William James Bloss;scopus
85188955262;Citizen monitoring in environmental disclosure: An economics perspective;2024-04-01;3;Article;True;Per M. Stromberg, Ranjula Bali Swain;scopus
85187872693;Data Linkages for Wildfire Exposures and Human Health Studies: A Scoping Review;2024-03-01;4;Review;True;J. Barkoski, E. Van Fleet, A. Liu, S. Ramsey, R. K. Kwok, A. K. Miller;scopus
85185917442;Bridging research-policy gaps An integrated approach;2024-02-17;14;Review;True;Kenza Khomsi, Houria Bouzghiba, Abderrahmane Mendyl, Ahmed K. Al-Delaimy, Amal Dahri, Amal Saad-Hussein, Ghada Balaw, Ihssane El Marouani, Imane Sekmoudi, Mouaad Adarbaz, Narges Khanjani, Nivine Abbas;scopus
85216087596;CEDAR: An Augmented Reality Mobile Application Using a Participatory Design Framework for Citizen Science Data Sensing;2024-01-01;0;Conference Paper;False;Mengci Liu, Peter Hall, Stella Doukianou, Anna Troisi;scopus
85202450434;A Low-Cost Image Sensor for Particulate Matter Detection to Streamline Citizen Science Campaigns on Air Quality Monitoring;2024-01-01;1;Conference Paper;False;Syed Mohsin Ali Shah, Diego Casado-Mansilla, Diego López-De-Ipiña, Eduardo Illueca Fernández, Amir Hossein Hassani, Alejandro Pujante Pérez;scopus
85215112724;Implementation of an Open Hardware and Web Platform for Citizen Science Air Quality Monitoring;2024-01-01;1;Conference Paper;False;Ryan Jonathan Blanco, Joize Barbie E.Dela Cruz, Ira Nicole J. Santos, Jaybie De Guzman, Marc D. Rosales, Paul Jason Co, John Jairus Eslit, Percival Magpantay, John Richard E. Hizon;scopus
85194142089;Dynamic Exposure Visualization of Air Quality Data with Augmented Reality;2024-01-01;2;Conference Paper;True;Sylvain Renault, Ingo Feldmann, Lieven Raes, Jurgen Silence, Oliver Schreer;scopus
85214919883;Addressing Environmental Quality Inequities: The Role of Information and Collective Action;2024-01-01;1;Book Chapter;False;Sandra Aguilar-Gomez;scopus
85200496043;Scalable, Low-Cost, and Versatile System Design for Air Pollution and Traffic Density Monitoring and Analysis;2024-01-01;0;Book Chapter;True;Thinh Gia Tran, Dat T. Vo, Long C. Tran, Hoang V. Pham, Chuong D. Le, An D. Le, Duy A. Pham, Hien B. Vo;scopus
85188327378;Conscious walk assessment for the joint evaluation of the soundscape, air quality, biodiversity, and comfort in Barcelona;2024-01-01;2;Article;True;Rosa Ma Alsina-Pagès, Ma Eulàlia Parés, Ester Vidaña-Vila, Marc Freixes, Danielly Garcia, Marc Arnela, Carmen Martínez-Suquía, Oriol Serra, Mariona Ferrandiz-Rovira;scopus
85199386918;Applying Digital Technology to Understand Human Experiences of Climate Change Impacts on Food Security and Mental Health: Scoping Review;2024-01-01;6;Review;True;Jasmin Bhawra, Nadine Elsahli, Jamin Patel;scopus
85190378164;Localizing the sustainable development goals in smart and sustainable cities: how can citizen-generated data support the local monitoring of SDGs? A case study of the Brussels Capital Region;2024-01-01;5;Article;True;Koen Borghys, Laurens Vandercruysse, Carina Veeckman, Laura Temmerman, Rob Heyman;scopus
85209541146;Adaptive Air Monitoring with a Combination of Solar Glider and Drone;2024-01-01;0;Conference Paper;False;Martin Zagar, Mateo Sokac, Stasa Puskaric;scopus
85201268432;A situational ethics and harmonization challenges in the case of EU biodiversity data governance;2024-01-01;0;Article;True;Bartosz Ślosarski, Natalia Juchniewicz;scopus
85206134259;The sphere of exposure: centering user experience in community science air monitoring;2024-01-01;1;Article;True;Marisa Westbrook, Valentina Serrano-Salomón, Jay Pecenka, Sumit Sankhyan, Aniya K. Hollo, Shelly L. Miller, Esther Sullivan;scopus
85183974976;Crowdsourcing Geospatial Data for Earth and Human Observations: A Review;2024-01-01;36;Review;True;Xiao Huang, Siqin Wang, Di Yang, Tao Hu, Meixu Chen, Mengxi Zhang, Guiming Zhang, Filip Biljecki, Tianjun Lu, Lei Zou, Connor Y.H. Wu, Yoo Min Park, Xiao Li, Yunzhe Liu, Hongchao Fan, Jessica Mitchell, Zhenlong Li, Alexander Hohl;scopus
86000671805;Development of Real Time Meteorological Grade Monitoring Stations with AI Analytics;2024-01-01;0;Article;True;Adrian Kok Eng Hock, Chan Yee Kit, Koo Voon Chet;scopus
85216210186;Microcontroller system for air quality monitoring;2024-01-01;0;Conference Paper;False;Tetiana Hovorushchenko, Vyacheslav Bachuk, Vladyslav Sevostyanov, Andrii Martsenyuk, Houda El Bouhissi;scopus
85192176988;Targeting disparate spaces: new technology and old tools;2024-01-01;0;Article;True;Morgan M. Richey, John Bang, Vijay Sivaraman;scopus
85212288756;Policies and Regulations for Sustainable Clean Air: An Overview;2024-01-01;3;Book Chapter;False;Hanadi G. Al-Thani, Rima J. Isaifan;scopus
85218365875;Low-cost sensors for air quality monitoring;2024-01-01;0;Book Chapter;False;Hamid Omidvarborna, Prashant Kumar;scopus
85192185379;Activism in the era of democratic backsliding: explaining the efficacy of the clean-air campaigns in Poland;2024-01-01;3;Article;True;Mate Subašić, Sarah Birch, Adam Fagan, Tomas Maltby;scopus
85165249207;Estimation of rainfall and streamflow missing data under uncertainty for Nile basin headwaters: the case of Ghba catchments;2024-01-01;4;Article;True;Mehari Gebreyohannes Hiben, Admasu Gebeyehu Awoke, Abraha Adugna Ashenafi;scopus
85179151323;“I have to stay inside …”: Experiences of air pollution for people with asthma;2024-01-01;8;Article;True;Amy McCarron, Sean Semple, Vivien Swanson, Christine F. Braban, Colin Gillespie, Heather D. Price;scopus
85173114436;Long-range transport and microscopy analysis of Sangay volcanic ashes in Ecuador;2024-01-01;6;Article;True;Daniel Moran-Zuloaga, Wilson Merchan-Merchan, Emilio Rodriguez-Caballero, Maurizio Mulas, Philip Hernick;scopus
85191352291;Communicating particulate matter risk: the effects of empoweredness and trust in government information on protective behaviour;2024-01-01;3;Article;False;Joohee Lee, Soeun Yang, Chris A.B. Zajchowski, Hana Kim;scopus
85212290976;Promoting Behavioral Change and Public Awareness for Sustainable Clean Air;2024-01-01;1;Book Chapter;False;Onah Peter Thompson, Reagan S. Breitenstein, Brendon R. Barnes, Richard Glory;scopus
85200236234;The nexus of transportation, the built environment, air pollution and health;2024-01-01;3;Review;True;Haneen Khreis, Harry Williams, Seyed Sajjad Abdollahpour, Matilda van den Bosch, Pierpaolo Mudu, Marko Tainio, Age Poom, Soheil Sohrabi, Steve Hankey;scopus
85202215041;Spatio-Temporal Models for Ecologists;2024-01-01;12;Book;False;James T. Thorson, Kasper Kristensen;scopus
85208720664;Aerosol Atmospheric Rivers: Availability, Spatiotemporal Characterisation, Predictability, and Impacts;2024-01-01;2;Book;True;Manish Kumar Goyal, Kuldeep Singh Rautela;scopus
85178094584;Machine learning to support citizen science in urban environmental management;2023-12-01;4;Article;True;Emily J. Yang, Julian Fulton, Swabinash Swarnaraja, Cecile Carson;scopus
85179005476;Schools’ air quality monitoring for health and education: Methods and protocols of the SAMHE initiative and project;2023-12-01;22;Article;True;Lia Chatzidiakou, Rhys Archer, Victoria Beale, Sam Bland, Holly Carter, Claudia Castro-Faccetti, Hannah Edwards, Joshua Finneran, Sarkawt Hama, Roderic L. Jones, Prashant Kumar, Paul F. Linden, Nidhi Rawat, Katherine Roberts, Charles Symons, Carolanne Vouriot, Douglas Wang, Lucy Way, Sarah West, Dale Weston, Natalie Williams, Samuel Wood, Henry C. Burridge;scopus
85165614752;Air pollution prediction system using XRSTH-LSTM algorithm;2023-12-01;5;Article;False;Harshit Srivastava, Santos Kumar Das;scopus
85173467038;Low-cost sensors and Machine Learning aid in identifying environmental factors affecting particulate matter emitted by household heating;2023-12-01;8;Article;True;Amirhossein Hassani, Sebastian Bykuć, Philipp Schneider, Paweł Zawadzki, Patryk Chaja, Núria Castell;scopus
85180355366;An Assessment Model for Sustainable Cities Using Crowdsourced Data Based on General System Theory: A Design Science Methodology Approach;2023-12-01;10;Article;True;Usman Ependi, Adian Fatchur Rochim, Adi Wibowo;scopus
85180679038;Classifying Crowdsourced Citizen Complaints through Data Mining: Accuracy Testing of k-Nearest Neighbors, Random Forest, Support Vector Machine, and AdaBoost;2023-12-01;9;Article;True;Evaristus D. Madyatmadja, Corinthias P.M. Sianipar, Cristofer Wijaya, David J.M. Sembiring;scopus
85185223833;Research progress, challenges, and prospects of PM2.5 concentration estimation using satellite data;2023-12-01;25;Article;True;Shoutao Zhu, Jiayi Tang, Xiaolu Zhou, Peng Li, Zelin Liu, Cicheng Zhang, Ziying Zou, Tong Li, Changhui Peng;scopus
85173286812;A cross-sectional study of inequalities in digital air pollution information access and exposure reducing behavior uptake in the UK;2023-11-01;6;Article;True;Kayla Schulte, Ben Hudson;scopus
85169074909;Air Quality Monitoring in Coal-Centric Cities: A Hybrid Approach;2023-08-01;5;Article;True;Simone Mora, Priyanka deSouza, Fábio Duarte, An Wang, Sanjana Paul, Antonio Berrones, Carlo Ratti;scopus
85166193000;Design and Implementation of a Crowdsensing-Based Air Quality Monitoring Open and FAIR Data Infrastructure;2023-07-01;6;Article;True;Paolo Diviacco, Massimiliano Iurcev, Rodrigo José Carbajales, Alberto Viola, Nikolas Potleca;scopus
85153102750;Western Balkan societies' awareness of air pollution. Estimations using natural language processing techniques;2023-07-01;7;Article;False;Angela Madjar, Ivana Gjorshoska, Jana Prodanova, Aleksandra Dedinec, Ljupco Kocarev;scopus
85160010856;Democracy by Design: Perspectives for Digitally Assisted, Participatory Upgrades of Society;2023-07-01;74;Article;True;Dirk Helbing, Sachit Mahajan, Regula Hänggli Fricker, Andrea Musso, Carina I. Hausladen, Cesare Carissimo, Dino Carpentras, Elisabeth Stockinger, Javier Argota Sanchez-Vaquerizo, Joshua C. Yang, Mark C. Ballandies, Marcin Korecki, Rohit K. Dubey, Evangelos Pournaras;scopus
85161470565;Revealing the role of values in developing a garden data ecosystem through a reflective participatory design approach;2023-05-29;0;Conference Paper;True;Silvia Cazacu, Ingrid Mulder, Andrew Vande Moere, Thérèse Steenberghen;scopus
85162170013;VOLUNTEERED GEOGRAPHIC INFORMATION FOR MAPPING URBAN CLIMATE AND AIR QUALITY: TESTING AND ASSESSING ‘SNIFFER BIKES’ WITH LOW-COST SENSORS;2023-05-25;4;Conference Paper;True;C. Zanetti, M. Carraro, M. De Marchi, S. E. Pappalardo;scopus
85133073312;Public engagement with air quality data: using health behaviour change theory to support exposure-minimising behaviours;2023-05-01;48;Article;True;Amy McCarron, Sean Semple, Christine F. Braban, Vivien Swanson, Colin Gillespie, Heather D. Price;scopus
85143910632;Personal exposure monitoring using GPS-enabled portable air pollution sensors: A strategy to promote citizen awareness and behavioral changes regarding indoor and outdoor air pollution;2023-05-01;42;Article;False;Yoo Min Park, Denise Chavez, Sinan Sousan, Natalia Figueroa-Bernal, Jenifer Rodríguez Alvarez, Juvencio Rocha-Peralta;scopus
85152313791;From Raising Awareness to a Behavioural Change: A Case Study of Indoor Air Quality Improvement Using IoT and COM-B Model;2023-04-01;15;Article;True;Rameez Raja Kureshi, Dhavalkumar Thakker, Bhupesh Kumar Mishra, Jo Barnes;scopus
85152553772;Data Quality in IoT-Based Air Quality Monitoring Systems: a Systematic Mapping Study;2023-04-01;50;Review;True;Julio Buelvas, Danny Múnera, Diana P. Tobón V, Johnny Aguirre, Natalia Gaviria;scopus
85146938130;A performance comparison study on PM2.5 prediction at industrial areas using different training algorithms of feedforward-backpropagation neural network (FBNN);2023-03-01;32;Article;False;Pavithra Chinatamby, Jegalakshimi Jewaratnam;scopus
85143913348;A parent-school initiative to assess and predict air quality around a heavily trafficked school;2023-02-25;7;Article;True;Prashant Kumar, Hamid Omidvarborna, Runming Yao;scopus
85143703058;Who should measure air quality in modern cities? The example of decentralization of urban air quality monitoring in Krasnoyarsk (Siberia, Russia);2023-02-01;9;Article;True;Lev D. Labzovskii, Joshua Vande Hey, Aleksey A. Romanov, Polina Golovatina-Mora, Dmitriy Belikov, Azam Lashkari, Samuel Takele Kenea, Erik Hekman;scopus
85148970810;Sensors Network as an Added Value for the Characterization of Spatial and Temporal Air Quality Patterns at the Urban Scale;2023-02-01;7;Article;True;Daniel Graça, Johnny Reis, Carla Gama, Alexandra Monteiro, Vera Rodrigues, Micael Rebelo, Carlos Borrego, Myriam Lopes, Ana Isabel Miranda;scopus
85149028071;Design Considerations for a Distributed Low-Cost Air Quality Sensing System for Urban Environments in Low-Resource Settings;2023-02-01;22;Article;True;Engineer Bainomugisha, Joel Ssematimba, Deo Okure;scopus
85149032662;A Low-Cost Calibration Method for Temperature, Relative Humidity, and Carbon Dioxide Sensors Used in Air Quality Monitoring Systems;2023-02-01;25;Article;True;Rosa Amalia González Rivero, Luis Ernesto Morera Hernández, Olivier Schalm, Erik Hernández Rodríguez, Daniellys Alejo Sánchez, Mayra C. Morales Pérez, Vladimir Nuñez Caraballo, Werner Jacobs, Alain Martinez Laguardia;scopus
85153863884;Integrating Citizen Science into the Work of United States Environmental Agencies;2023-01-01;8;Article;True;George Wyeth;scopus
85182422118;A framework for making citizen science inclusive with storytelling methods;2023-01-01;4;Article;True;C. Veeckman, S. Claes, L. Van Audenhove, S. van der Graaf;scopus
85138320343;A critical air quality science perspective on citizen science in action;2023-01-01;12;Article;True;Douglas Booker, Gordon Walker, Paul J. Young, Ana Porroche-Escudero;scopus
85188475271;Monitoring invasive macroalgae in southern Portugal: drivers and citizen science contribution;2023-01-01;8;Article;True;Javier Jiménez Herrero, Dina Costa Simes, Rita Abecasis, Paulo Relvas, Erwan Garel, Paula Ventura Martins, Rui Santos;scopus
85178424452;Air Pollution Crisis Across Europe: The European Courts, the Governments, the Citizens and the Persistent Ineffectiveness of EU Law;2023-01-01;2;Article;True;Kleoniki Pouikli, Ariti Tsoukala;scopus
85169015962;A Framework for Monitoring and Identifying Indoor Air Pollutants Based on BIM with IoT Sensors;2023-01-01;2;Conference Paper;False;Jihoon Chung, Alexandros Tsamis, Dennis Shelden;scopus
85177495352;In Search of a “Social-AQI” Democratic Deficits in the Air Pollution Data Regime in Delhi;2023-01-01;3;Article;True;Ruchi Dwivedi, Muzamil Yaqoob, Aasim Khan, Praveen Priyadarshi, Saad Ahmad, Sudhir Attri, Raghava Mutharaju;scopus
85185816913;WeAIR: Wearable Swarm Sensors for Air Quality Monitoring to Foster Citizens' Awareness of Climate Change;2023-01-01;1;Conference Paper;False;Giovanna Maria Dimitri, Lorenzo Parri, Alessandro Pozzebon, Eleonora Vitanza, Ada Fort, Chiara Mocenni;scopus
85183852492;Towards Fine-Grained Sensor-Based Probabilistic Individual Air Pollution Exposure Prediction using Wind Information;2023-01-01;0;Conference Paper;False;Paul Tremper, Till Riedel;scopus
85180595192;Environmental Data Sensing Through Participatory Urbanism. A Best-Practice Analysis and City-Administration Perspective;2023-01-01;0;Article;True;Gerfried Mikusch, Andreas Petz, Elisabeth Steiner, Momir Tabakovic, Hilda Tellioglu;scopus
85204090205;Community-driven research and capacity building to address environmental justice concerns with industrial air pollution in Curtis Bay, South Baltimore;2023-01-01;4;Article;True;Matthew A. Aubourg, Greg Sawtell, Lauren Deanes, Nicole Fabricant, Meleny Thomas, Kristoffer Spicer, Caila Wagar, Shashawnda Campbell, Abigail Ulman, Christopher D. Heaney;scopus
85149637659;Bilateral impact of digital economy on air pollution: Emissions increase and reduction effects;2023-01-01;17;Article;True;Ruomei Wang, Chenhui Ding;scopus
85179276226;Unraveling Environmental Disasters;2023-01-01;3;Book;False;Daniel A. Vallero, Trevor M. Letcher;scopus
85151815356;Following SEIS principles for better FAIR data integration in EOSC;2022-12-29;0;Book Chapter;False;Enrique Wulff;scopus
85128304603;Translating citizen-generated air quality data into evidence for shaping policy;2022-12-01;54;Review;True;Sachit Mahajan, Ming Kuang Chung, Jenny Martinez, Yris Olaya, Dirk Helbing, Ling Jyh Chen;scopus
85133906650;A process for creating data report-back tools to improve equity in environmental health;2022-12-01;7;Article;True;Kathryn S. Tomsho, Erin Polka, Stacey Chacker, David Queeley, Marty Alvarez, Madeleine K. Scammell, Karen M. Emmons, Rima E. Rudd, Gary Adamkiewicz;scopus
85136467402;Design and development of an open-source framework for citizen-centric environmental monitoring and data analysis;2022-12-01;31;Article;True;Sachit Mahajan;scopus
85135449344;What if Air Quality Dictates Road Pricing? Simulation of an Air Pollution-based Road Charging Scheme;2022-12-01;8;Article;True;Sandro Rodriguez Garzon, Marcel Reppenhagen, Marcel Müller;scopus
85146308992;From Environmental Monitoring to Mitigation Action: Considerations, Challenges, and Opportunities for HCI;2022-11-11;8;Article;False;Graham Dove, Shiyu Chen, Daniel Fries, Vanessa Johnson, Charlie Mydlarz, Juan Pablo Bello, Oded Nov;scopus
85138328903;The spatiotemporal dynamics, distribution, and characteristics of beached plastics along the remote south coast of Western Australia;2022-11-01;5;Article;False;Chao Lyu, Harriet Louise Paterson, James Fogarty;scopus
85140831170;Farmers and Local Residents Collaborate: Application of a Participatory Citizen Science Approach to Characterising Air Quality in a Rural Area in The Netherlands;2022-10-01;13;Article;True;Amber Woutersen, Henri de Ruiter, Joost Wesseling, Wouter Hendricx, Christa Blokhuis, Sjoerd van Ratingen, Kirsten Vegt, Marita Voogt;scopus
85139200169;Urban diagnostics and a systems approach to air quality management: Pathways towards sustainable economic development and a healthy nairobi, Kenya;2022-09-19;5;Article;True;Ajit Singh, Hakeem Bakare, Andrea Mazzeo, William R. Avis, David Ng'ang'a, Michael Gatari, Suzanne E. Bartington, G. Neil Thomas, John R. Bryson, Lauren Andres, Andrew Quinn, Michael Burrow, Elijah N. Ndegwa, George Mwaniki, Tom Randa, Francis D. Pope;scopus
85136595730;Diet variation in a critically endangered marine predator revealed with stable isotope analysis;2022-08-17;13;Article;True;Courtney Ogilvy, Rochelle Constantine, Sarah J. Bury, Emma L. Carroll;scopus
85140665797;Calibration and applications of low-cost particle sensors: A review of recent advances;2022-07-18;2;Book Chapter;False;Jiayu Li, Pratim Biswas;scopus
85133632204;The Air Quality Lens: Ambiguity as Opportunity to Reactivate Environmental Data;2022-06-13;8;Conference Paper;False;Teis De Greve, Steven Malliet, Niels Hendriks, Bieke Zaman;scopus
85133032182;Heavy metals in moss guide environmental justice investigation: A case study using community science in Seattle, WA, USA;2022-06-01;10;Article;True;Sarah E. Jovan, Christopher Zuidema, Monika M. Derrien, Amanda L. Bidwell, Weston Brinkley, Robert J. Smith, Dale Blahna, Roseann Barnhill, Linn Gould, Alberto J. Rodríguez, Michael C. Amacher, Troy D. Abel, Paulina López;scopus
85132120995;Air Quality Sensor Networks for Evidence-Based Policy Making: Best Practices for Actionable Insights;2022-06-01;18;Article;True;Jelle Hofman, Jan Peters, Christophe Stroobants, Evelyne Elst, Bart Baeyens, Jo Van Laer, Maarten Spruyt, Wim Van Essche, Elke Delbare, Bart Roels, Ann Cochez, Evy Gillijns, Martine Van Poppel;scopus
85128553843;How IoT-Driven Citizen Science Coupled with Data Satisficing Can Promote Deep Citizen Science;2022-05-01;3;Article;True;Stefan Poslad, Tayyaba Irum, Patricia Charlton, Rafia Mumtaz, Muhammad Azam, Hassan Zaidi, Christothea Herodotou, Guangxia Yu, Fesal Toosy;scopus
85129290092;Just air? Spatial injustice and the politicisation of air pollution;2022-05-01;10;Editorial;True;Anneleen Kenis, Maarten Loopmans;scopus
85125460389;Field calibration of a low-cost sensors network to assess traffic-related air pollution along the Brenner highway;2022-04-15;22;Article;True;Andrea Bisignano, Federico Carotenuto, Alessandro Zaldei, Lorenzo Giovannini;scopus
85128750403;Advances in air quality research - current and emerging challenges;2022-04-11;186;Review;True;Ranjeet S. Sokhi, Nicolas Moussiopoulos, Alexander Baklanov, John Bartzis, Isabelle Coll, Sandro Finardi, Rainer Friedrich, Camilla Geels, Tiia Grönholm, Tomas Halenka, Matthias Ketzel, Androniki Maragkidou, Volker Matthias, Jana Moldanova, Leonidas Ntziachristos, Klaus Schäfer, Peter Suppan, George Tsegas, Greg Carmichael, Vicente Franco, Steve Hanna, Jukka Pekka Jalkanen, Guus J.M. Velders, Jaakko Kukkonen;scopus
85128646959;SmartAirQ: A Big Data Governance Framework for Urban Air Quality Management in Smart Cities;2022-04-08;33;Review;True;Akshara Kaginalkar, Shamita Kumar, Prashant Gargava, Neelesh Kharkar, Dev Niyogi;scopus
85126936673;Towards the Development of a Sensor Educational Toolkit to Support Community and Citizen Science;2022-04-01;7;Article;True;Ashley Collier-Oxandale, Vasileios Papapostolou, Brandon Feenstra, Berj Der Boghossian, Andrea Polidori;scopus
85116106806;The world's longest known parallel temperature dataset: A comparison between daily Glaisher and Stevenson screen temperature data at Adelaide, Australia, 1887–1947;2022-04-01;7;Article;True;Linden Ashcroft, Blair Trewin, Mac Benoy, Darren Ray, Catherine Courtney;scopus
85125356426;Characterization of Ambient Air Quality in Selected Urban Areas in Uganda Using Low-Cost Sensing and Measurement Technologies;2022-03-15;39;Article;False;Deo Okure, Joel Ssematimba, Richard Sserunjogi, Nancy Lozano Gracia, Maria Edisa Soppelsa, Engineer Bainomugisha;scopus
85127124711;AQ-SCIENCE: Air Quality - Smart Cities with IoT-ENabled Citizen Engagement Approach;2022-03-08;6;Conference Paper;False;Rameez Raja Kureshi, Dhavalkumar Thakker, Bhupesh Kumar Mishra, Reena John;scopus
85126486527;Air Quality Sensors Systems as Tools to Support Guidance in Athletics Stadia for Elite and Recreational Athletes;2022-03-01;13;Article;True;Mar Viana, Kostas Karatzas, Athanasios Arvanitis, Cristina Reche, Miguel Escribano, Edurne Ibarrola-Ulzurrun, Paolo Emilio Adami, Fréderic Garrandes, Stéphane Bermon;scopus
85121233629;Air quality monitoring and measurement in an urban airshed: Contextualizing datasets from the Detroit Michigan area from 1952 to 2020;2022-02-25;5;Review;False;Brendan F. O'Leary, Alex B. Hill, Katherine G. Akers, Héctor J. Esparra-Escalera, Allison Lucas, Gelareh Raoufi, Yaoxian Huang, Noribeth Mariscal, Sanjay K. Mohanty, Chandra M. Tummala, Timothy M. Dittrich;scopus
85124147012;Monitoring Particulate Matter with Wearable Sensors and the Influence on Student Environmental Attitudes;2022-02-01;11;Article;True;Frances Kane, Joseph Abbate, Eric C. Landahl, Mark J. Potosnak;scopus
85124650673;Noise and air pollution during Covid-19 lockdown easing around a school site;2022-02-01;11;Article;True;Prashant Kumar, Hamid Omidvarborna, Abhijith Kooloth Valappil, Abigail Bristow;scopus
85123527488;Poor Air Quality in Urban Settings: A Comparison of Perceptual Indicators, Causes and Management in Two Cities;2022-02-01;9;Article;True;Timothy M. Chukwu, Stephen Morse, Richard Murphy;scopus
85124282346;Research Priorities of Applying Low-Cost PM2.5 Sensors in Southeast Asian Countries;2022-02-01;27;Review;True;Shih Chun Candice Lung, To Thi Hien, Maria Obiminda L. Cambaliza, Ohnmar May Tin Hlaing, Nguyen Thi Kim Oanh, Mohd Talib Latif, Puji Lestari, Abdus Salam, Shih Yu Lee, Wen Cheng Vincent Wang, Ming Chien Mark Tsou, Tran Cong-Thanh, Melliza Templonuevo Cruz, Kraichat Tantrakarnapa, Murnira Othman, Shatabdi Roy, Tran Ngoc Dang, Dwi Agustian;scopus
85118500250;From air quality sensors to sensor networks: Things we need to learn;2022-01-15;21;Article;False;Yi Li, Ziyang Yuan, L. W.Antony Chen, Ajay Pillarisetti, Varun Yadav, Mengxian Wu, Houxin Cui, Chuanfeng Zhao;scopus
85149677892;Citizen Science for One Digital Health: A Rapid Qualitative Review of Studies in Air Quality with Reflections on a Conceptual Model;2022-01-01;5;Article;True;Timothy Kariotis, Ann Borda, Kenneth Winkel, Kathleen Gray;scopus
85135906329;Participatory Action for Citizens’ Engagement to Develop a Pro-environmental Research Application;2022-01-01;1;Conference Paper;True;Anna Jaskulska, Kinga Skorupska, Zuzanna Bubrowska, Kinga Kwiatkowska, Wiktor Stawski, Maciej Krzywicki, Monika Kornacka, Wiesław Kopeć;scopus
85122163113;Establishing A Sustainable Low-Cost Air Quality Monitoring Setup: A Survey of the State-of-the-Art;2022-01-01;82;Review;True;Mannam Veera Narayana, Devendra Jalihal, S. M. Shiva Nagendra;scopus
85165077749;Evaluation of Crowd-Sourced PM2.5 Measurements from Low-Cost Sensors for Air Quality Mapping in Stuttgart City;2022-01-01;2;Book Chapter;True;Joseph Gitahi, Michael Hahn;scopus
85145008054;Neural Kernel Network Deep Kernel Learning for Predicting Particulate Matter from Heterogeneous Sensors with Uncertainty;2022-01-01;0;Conference Paper;False;Chaofan Li, Till Riedel, Michael Beigl;scopus
85119343988;Exploring actionable visualizations for environmental data: Air quality assessment of two Belgian locations;2022-01-01;13;Article;False;Gustavo Carro, Olivier Schalm, Werner Jacobs, Serge Demeyer;scopus
85121618157;City Wide Participatory Sensing of Air Quality;2021-12-02;13;Article;True;Andrew Rebeiro-Hargrave, Pak Lun Fung, Samu Varjonen, Andres Huertas, Salla Sillanpää, Krista Luoma, Tareq Hussein, Tuukka Petäjä, Hilkka Timonen, Jukka Limo, Ville Nousiainen, Sasu Tarkoma;scopus
85114042370;Monitoring Air Quality in Nigeria: The Case of Center for Atmospheric Research-National Space Research and Development Agency (CAR-NASRDA);2021-12-01;8;Article;False;Francis Olawale Abulude, Ifeoluwa Ayodeji Abulude;scopus
85119369944;Vayu: An open-source toolbox for visualization and analysis of crowd-sourced sensor data;2021-11-01;5;Article;True;Sachit Mahajan;scopus
85117967439;Tackling Data Quality When Using Low-Cost Air Quality Sensors in Citizen Science Projects;2021-10-12;18;Article;True;Ågot K. Watne, Jenny Linden, Jens Willhelmsson, Håkan Fridén, Malin Gustafsson, Nuria Castell;scopus
85117423363;Citizens or consumers? Air quality sensor users and their involvement in sensor.community. results from qualitative case study;2021-10-01;12;Article;True;Michał Wróblewski, Joanna Suchomska, Katarzyna Tamborska;scopus
85109217612;Air quality mapping and visualisation: An affordable solution based on a vehicle-mounted sensor network;2021-09-15;26;Article;True;Pedro Santana, Alexandre Almeida, Pedro Mariano, Carolina Correia, Vânia Martins, Susana Marta Almeida;scopus
85114034832;A sustainable method for publishing interoperable open data on the web;2021-08-01;5;Article;True;Raf Buyle, Brecht Van de Vyvere, Julián Rojas Meléndez, Dwight Van Lancker, Eveline Vlassenroot, Mathias Van Compernolle, Stefan Lefever, Pieter Colpaert, Peter Mechant, Erik Mannens;scopus
85112094397;Using task farming to optimise a street-scale resolution air quality model of the west midlands (UK);2021-08-01;18;Article;True;Jian Zhong, Christina Hood, Kate Johnson, Jenny Stocker, Jonathan Handley, Mark Wolstencroft, Andrea Mazzeo, Xiaoming Cai, William James Bloss;scopus
85107680669;Assessing the sources of particles at an urban background site using both regulatory instruments and low-cost sensors – a comparative study;2021-06-07;27;Article;True;Dimitrios Bousiotis, Ajit Singh, Molly Haugen, David C.S. Beddows, Sebastián Diez, Killian L. Murphy, Pete M. Edwards, Adam Boies, Roy M. Harrison, Francis D. Pope;scopus
85108075886;Deployment, calibration, and cross-validation of low-cost electrochemical sensors for carbon monoxide, nitrogen oxides, and ozone for an epidemiological study;2021-06-02;37;Article;True;Christopher Zuidema, Cooper S. Schumacher, Elena Austin, Graeme Carvlin, Timothy V. Larson, Elizabeth W. Spalt, Marina Zusman, Amanda J. Gassett, Edmund Seto, Joel D. Kaufman, Lianne Sheppard;scopus
85106569091;Geoair—A novel portable, GPS-enabled, low-cost air-pollution sensor: Design strategies to facilitate citizen science research and geospatial assessments of personal exposure;2021-06-01;32;Article;True;Yoo Min Park, Sinan Sousan, Dillon Streuber, Kai Zhao;scopus
85104947027;Comparative assessments and insights of data openness of 50 smart cities in air quality aspects;2021-06-01;58;Article;False;Hugo Wai Leung Mak, Yun Fat Lam;scopus
85094195222;An optimal environment for our optimal selves? An autoethnographic account of self-tracking personal exposure to air pollution;2021-06-01;10;Article;True;Sarah H.A. Tan, Thomas E.L. Smith;scopus
85102063335;Towards Atmospheric Interfaces;2021-02-14;6;Conference Paper;False;Jessica Broscheit, Qi Wang, Susanne Draheim, Kai Von Luck;scopus
85099090921;Project-Based Learning Experience That Uses Portable Air Sensors to Characterize Indoor and Outdoor Air Quality;2021-02-09;27;Article;True;Jessica C. D'Eon, Laura T. Stirchak, Abenen Shepsu Brown, Yusra Saifuddin;scopus
85098777197;Chemicals in the Creek: Designing a situated data physicalization of open government data with the community;2021-02-01;38;Article;False;Laura J. Perovich, Sara Ann Wylie, Roseann Bongiovanni;scopus
85096390035;The effects of meteorological conditions and long-range transport on PM2.5 levels in Hanoi revealed from multi-site measurement using compact sensors and machine learning approach;2021-02-01;41;Article;False;Bich Thuy Ly, Yutaka Matsumi, Tuan V. Vu, Kazuhiko Sekiguchi, Thu Thuy Nguyen, Chau Thuy Pham, Trung Dung Nghiem, Ich Hung Ngo, Yuta Kurotsuchi, Thu Hien Nguyen, Tomoki Nakayama;scopus
85118332417;D-STEM v2: A software for modeling functional spatio-temporal data;2021-01-01;14;Article;True;Yaqiong Wang, Francesco Finazzi, Alessandro Fassò;scopus
85126102578;Evaluation of particulate matter microsensors to build the low-cost sensors collaborative network of Bogota;2021-01-01;1;Conference Paper;False;Fredy Escobar-Diaz, Camila Buitrago, Leonardo Quinones, Freddy Grajales, Tatiana Mejia;scopus
85139156536;Air Quality Measurements and Education: Improving Environmental Awareness of High School Students;2021-01-01;13;Article;True;Sebastian Höfner, Andreas Schütze;scopus
85123206131;CleanAirNowKC: Building Community Power by Improving Data Accessibility;2021-01-01;5;Conference Paper;False;Rifat Ara Proma, Matthew Sumpter, Humberto Lugo, Elizabeth Friedman, Khandaker Tasnim Huq, Paul Rosen;scopus
85130677397;Embracing the future of the policy sciences: Big data in pedagogy and practice;2021-01-01;3;Book Chapter;True;Nihit Goyal, Ola G. El-Taliawi, Michael Howlett;scopus
